{
  "label_policy": "answer_correct_ignoring_format",
  "contrastive_problems": {
    "v1": 117,
    "v2_custom": 158,
    "v2_5shot": 122
  },
  "by_feature": {
    "ae_all_early": {
      "v1": {
        "within": 0.5339313572542902,
        "cross": 0.574272380493877
      },
      "v2_custom": {
        "within": 0.49753908511870293,
        "cross": 0.5319292172609857
      },
      "v2_5shot": {
        "within": 0.5151802656546489,
        "cross": 0.5187100287578333
      }
    },
    "ae_all_full": {
      "v1": {
        "within": 0.5432917316692668,
        "cross": 0.5858787275522795
      },
      "v2_custom": {
        "within": 0.5373480023161552,
        "cross": 0.5371845300693834
      },
      "v2_5shot": {
        "within": 0.5185009487666035,
        "cross": 0.5321048659398517
      }
    },
    "ae_all_late": {
      "v1": {
        "within": 0.5128705148205929,
        "cross": 0.5401071722106925
      },
      "v2_custom": {
        "within": 0.5497973364215403,
        "cross": 0.5273840964500658
      },
      "v2_5shot": {
        "within": 0.5256166982922201,
        "cross": 0.5533839635734111
      }
    },
    "ae_deep_early": {
      "v1": {
        "within": 0.5093603744149766,
        "cross": 0.537964595436832
      },
      "v2_custom": {
        "within": 0.48653734800231613,
        "cross": 0.5377916079113931
      },
      "v2_5shot": {
        "within": 0.5441176470588235,
        "cross": 0.5684956863250065
      }
    },
    "ae_deep_full": {
      "v1": {
        "within": 0.5078003120124805,
        "cross": 0.5227865642220039
      },
      "v2_custom": {
        "within": 0.5605095541401274,
        "cross": 0.5916325832093444
      },
      "v2_5shot": {
        "within": 0.599146110056926,
        "cross": 0.6153456484104501
      }
    },
    "ae_deep_late": {
      "v1": {
        "within": 0.47230889235569423,
        "cross": 0.47623105998998105
      },
      "v2_custom": {
        "within": 0.6001737116386798,
        "cross": 0.5948053679825689
      },
      "v2_5shot": {
        "within": 0.5825426944971537,
        "cross": 0.6019767433542221
      }
    },
    "ae_mid_early": {
      "v1": {
        "within": 0.5475819032761311,
        "cross": 0.6210523348231615
      },
      "v2_custom": {
        "within": 0.511725535610886,
        "cross": 0.4775354205222003
      },
      "v2_5shot": {
        "within": 0.49098671726755216,
        "cross": 0.44997022276590265
      }
    },
    "ae_mid_full": {
      "v1": {
        "within": 0.578393135725429,
        "cross": 0.6539586708217042
      },
      "v2_custom": {
        "within": 0.4878401852924146,
        "cross": 0.4161546949872484
      },
      "v2_5shot": {
        "within": 0.46821631878557873,
        "cross": 0.4071853449509257
      }
    },
    "ae_mid_late": {
      "v1": {
        "within": 0.5682527301092044,
        "cross": 0.6336833453690632
      },
      "v2_custom": {
        "within": 0.45830920671685005,
        "cross": 0.38760287121635834
      },
      "v2_5shot": {
        "within": 0.48719165085388993,
        "cross": 0.43435684751194664
      }
    },
    "mahal_all": {
      "v1": {
        "within": 0.6462558502340093,
        "cross": 0.6521012649443646
      },
      "v2_custom": {
        "within": 0.5935147654892878,
        "cross": 0.6512776437713651
      },
      "v2_5shot": {
        "within": 0.646584440227704,
        "cross": 0.6407399061435889
      }
    },
    "mahal_deep": {
      "v1": {
        "within": 0.6446957878315133,
        "cross": 0.6502807252665751
      },
      "v2_custom": {
        "within": 0.5952518818760857,
        "cross": 0.648344019055064
      },
      "v2_5shot": {
        "within": 0.6389943074003795,
        "cross": 0.6350518284831316
      }
    },
    "mahal_mid": {
      "v1": {
        "within": 0.6279251170046802,
        "cross": 0.6461408679170814
      },
      "v2_custom": {
        "within": 0.5940938042848871,
        "cross": 0.6427742350657232
      },
      "v2_5shot": {
        "within": 0.6570208728652751,
        "cross": 0.6577531690846139
      }
    },
    "mean_out_entropy": {
      "v1": {
        "within": 0.5733229329173167,
        "cross": 0.5808226367139638
      },
      "v2_custom": {
        "within": 0.5040532715691951,
        "cross": 0.5179137900876525
      },
      "v2_5shot": {
        "within": 0.5654648956356736,
        "cross": 0.544856318138896
      }
    },
    "n_steps": {
      "v1": {
        "within": 0.5848283931357254,
        "cross": 0.6532283947806136
      },
      "v2_custom": {
        "within": 0.574116965836711,
        "cross": 0.6899430226807953
      },
      "v2_5shot": {
        "within": 0.5049810246679317,
        "cross": 0.6124126355624231
      }
    },
    "pr_all_early": {
      "v1": {
        "within": 0.5249609984399376,
        "cross": 0.5579102936934944
      },
      "v2_custom": {
        "within": 0.48856398378691374,
        "cross": 0.5428366434236923
      },
      "v2_5shot": {
        "within": 0.5113851992409867,
        "cross": 0.506137865911237
      }
    },
    "pr_all_full": {
      "v1": {
        "within": 0.5226209048361935,
        "cross": 0.5642165824165577
      },
      "v2_custom": {
        "within": 0.5124493341053851,
        "cross": 0.5393115969413427
      },
      "v2_5shot": {
        "within": 0.4995256166982922,
        "cross": 0.5100840200875612
      }
    },
    "pr_all_late": {
      "v1": {
        "within": 0.4964898595943838,
        "cross": 0.5152322462141666
      },
      "v2_custom": {
        "within": 0.5269253039953677,
        "cross": 0.5182198933659268
      },
      "v2_5shot": {
        "within": 0.5203984819734345,
        "cross": 0.5353173197985521
      }
    },
    "pr_deep_early": {
      "v1": {
        "within": 0.4984399375975039,
        "cross": 0.491931723798433
      },
      "v2_custom": {
        "within": 0.4848002316155182,
        "cross": 0.5252019633798984
      },
      "v2_5shot": {
        "within": 0.5265654648956357,
        "cross": 0.5388557136521017
      }
    },
    "pr_deep_full": {
      "v1": {
        "within": 0.46489859594383776,
        "cross": 0.4679665254908084
      },
      "v2_custom": {
        "within": 0.5442964678633468,
        "cross": 0.5675708140511662
      },
      "v2_5shot": {
        "within": 0.5801707779886148,
        "cross": 0.5816334377772054
      }
    },
    "pr_deep_late": {
      "v1": {
        "within": 0.4294071762870515,
        "cross": 0.42678589629321206
      },
      "v2_custom": {
        "within": 0.5668789808917197,
        "cross": 0.5678477646362715
      },
      "v2_5shot": {
        "within": 0.5706831119544592,
        "cross": 0.5812896135576731
      }
    },
    "pr_mid_early": {
      "v1": {
        "within": 0.5534321372854915,
        "cross": 0.6369600999290868
      },
      "v2_custom": {
        "within": 0.5131731325998842,
        "cross": 0.4968952381775032
      },
      "v2_5shot": {
        "within": 0.49478178368121445,
        "cross": 0.44562301485106015
      }
    },
    "pr_mid_full": {
      "v1": {
        "within": 0.5967238689547582,
        "cross": 0.6767354763438271
      },
      "v2_custom": {
        "within": 0.47654892877822813,
        "cross": 0.4279215857337517
      },
      "v2_5shot": {
        "within": 0.4696394686907021,
        "cross": 0.39929393080951153
      }
    },
    "pr_mid_late": {
      "v1": {
        "within": 0.594383775351014,
        "cross": 0.6617320174268694
      },
      "v2_custom": {
        "within": 0.4559930515344528,
        "cross": 0.3964091440121448
      },
      "v2_5shot": {
        "within": 0.5061669829222012,
        "cross": 0.44047548788164936
      }
    }
  }
}